flight_id,point_index,latitude,longitude,height,temperature,humidity,wind_speed,wind_direction,condition,sample_for_date,time_stamp
3243a0eb-bbda-4497-875f-ea6f06894c2f,0,44.844824,128.339843,11131.83,38.03,16.72,67.73,90.35,Overcast,2025-04-11,2025-03-23 12:22:35.897500
3243a0eb-bbda-4497-875f-ea6f06894c2f,1,-19.005587,164.854088,17918.31,-36.45,51.3,4.08,153.56,Sunny,2025-04-05,2025-03-17 04:51:44.897500
3243a0eb-bbda-4497-875f-ea6f06894c2f,2,-73.283033,-83.658289,10185.45,-6.87,16.26,89.59,218.84,Snow,2025-04-15,2025-05-13 14:37:58.897500
3243a0eb-bbda-4497-875f-ea6f06894c2f,3,-84.996144,-5.312834,13328.35,2.8,30.38,83.94,298.28,Snow,2025-04-02,2025-04-11 16:14:37.897500
3243a0eb-bbda-4497-875f-ea6f06894c2f,4,-18.883606,-59.622036,1160.26,21.65,14.03,83.24,210.48,Clear,2025-05-09,2025-04-03 03:35:49.897500
d35cb691-949e-4352-8181-e1d84eea52a3,0,-82.400992,-125.835403,6359.89,-38.86,68.74,89.86,45.86,Sunny,2025-05-13,2025-05-11 01:02:05.897500
d35cb691-949e-4352-8181-e1d84eea52a3,1,-22.65018,-15.114842,9656.62,3.29,47.39,81.28,69.83,Sunny,2025-04-06,2025-05-18 09:25:22.897500
d35cb691-949e-4352-8181-e1d84eea52a3,2,47.054952,77.687939,30157.54,-2.23,76.68,122.16,344.06,Sunny,2025-05-18,2025-03-06 20:30:06.897500
d35cb691-949e-4352-8181-e1d84eea52a3,3,-84.118098,-131.004503,18379.3,-48.53,48.11,61.61,258.96,Rain,2025-04-05,2025-03-07 20:00:21.897500
d35cb691-949e-4352-8181-e1d84eea52a3,4,57.445049,-178.450347,6156.99,16.04,30.7,35.58,200.64,Overcast,2025-06-01,2025-04-14 13:24:20.897500
2b2e460a-3f77-4134-824a-ea885b99864f,0,-82.833865,-57.734278,296.37,3.29,62.31,86.87,134.4,Snow,2025-03-06,2025-04-06 05:11:51.897500
2b2e460a-3f77-4134-824a-ea885b99864f,1,22.018301,-95.650981,32568.69,-47.9,23.01,107.49,189.05,Snow,2025-03-20,2025-04-27 11:41:11.897500
2b2e460a-3f77-4134-824a-ea885b99864f,2,-15.04797,-5.367743,9505.65,-9.89,16.23,33.31,44.78,Snow,2025-05-13,2025-05-26 07:49:48.897500
2b2e460a-3f77-4134-824a-ea885b99864f,3,-50.127589,158.419895,13902.81,36.87,97.6,33.61,185.43,Cloudy,2025-04-21,2025-05-30 13:45:07.897500
2b2e460a-3f77-4134-824a-ea885b99864f,4,-8.449649,10.362058,23157.32,-21.6,99.92,55.97,238.31,Rain,2025-06-03,2025-03-19 03:12:27.897500
d1ce0e9f-cfcf-4e78-897f-76869ea89f91,0,9.180056,93.637686,20908.1,-21.89,88.02,73.79,220.94,Snow,2025-03-17,2025-05-17 22:02:31.897500
d1ce0e9f-cfcf-4e78-897f-76869ea89f91,1,50.615489,-7.362777,23439.25,-44.93,20.42,0.04,181.4,Sunny,2025-05-08,2025-03-12 14:48:16.897500
d1ce0e9f-cfcf-4e78-897f-76869ea89f91,2,27.396628,163.032408,13158.9,30.72,86.66,3.63,135.02,Overcast,2025-05-25,2025-03-31 14:58:17.897500
d1ce0e9f-cfcf-4e78-897f-76869ea89f91,3,60.86227,15.938498,27066.37,22.85,95.62,132.03,317.35,Cloudy,2025-04-15,2025-05-08 19:17:24.897500
d1ce0e9f-cfcf-4e78-897f-76869ea89f91,4,26.271794,9.719193,32424.7,-13.25,83.32,97.07,273.74,Snow,2025-04-16,2025-05-09 19:58:30.897500
748ae463-e98c-4427-a5a2-43bc48bdd017,0,80.443183,-145.951099,15830.85,-42.83,50.39,100.4,269.03,Cloudy,2025-06-02,2025-03-16 03:43:52.897500
748ae463-e98c-4427-a5a2-43bc48bdd017,1,-57.716652,-75.619063,17031.06,7.68,28.28,108.73,143.32,Snow,2025-03-19,2025-05-21 11:24:31.897500
748ae463-e98c-4427-a5a2-43bc48bdd017,2,10.081439,-116.752263,35808.44,-7.91,98.94,69.28,336.17,Cloudy,2025-05-14,2025-05-20 21:03:31.897500
748ae463-e98c-4427-a5a2-43bc48bdd017,3,9.145904,84.718799,35240.17,13.97,17.4,78.3,284.23,Snow,2025-04-22,2025-04-17 00:55:28.897500
748ae463-e98c-4427-a5a2-43bc48bdd017,4,50.121143,-158.420499,11997.62,-44.82,49.72,14.56,64.21,Sunny,2025-03-23,2025-05-24 04:21:14.897500
444fdd87-3b10-41aa-8d10-f60be645ee99,0,17.118979,-116.338328,3742.34,-41.13,33.75,44.8,53.87,Overcast,2025-04-08,2025-03-17 04:10:57.897500
444fdd87-3b10-41aa-8d10-f60be645ee99,1,-16.027381,-33.804037,5356.92,3.61,30.79,98.59,347.93,Sunny,2025-04-24,2025-04-19 07:08:48.897500
444fdd87-3b10-41aa-8d10-f60be645ee99,2,60.007458,-40.458549,29541.9,31.01,18.89,83.14,99.54,Clear,2025-04-10,2025-05-08 20:40:36.897500
444fdd87-3b10-41aa-8d10-f60be645ee99,3,66.701175,-36.979395,23145.47,36.2,88.17,70.11,353.9,Sunny,2025-04-05,2025-05-20 11:09:39.897500
444fdd87-3b10-41aa-8d10-f60be645ee99,4,-1.498946,155.453945,32590.77,-13.97,42.5,6.02,194.87,Cloudy,2025-03-23,2025-05-12 14:43:34.897500
31d6847e-59ef-4bc5-8a26-a275586bb329,0,-34.873839,84.069956,38031.83,-10.54,10.28,60.07,333.78,Clear,2025-05-25,2025-04-25 02:53:59.897500
31d6847e-59ef-4bc5-8a26-a275586bb329,1,84.790674,178.034635,2999.87,-37.58,24.35,93.07,286.26,Clear,2025-04-14,2025-04-17 17:22:48.897500
31d6847e-59ef-4bc5-8a26-a275586bb329,2,11.706637,174.663342,4653.49,8.12,70.31,19.75,23.0,Rain,2025-04-11,2025-04-30 23:15:13.897500
31d6847e-59ef-4bc5-8a26-a275586bb329,3,-27.712721,-57.417232,9321.28,14.57,67.1,34.54,338.75,Snow,2025-05-28,2025-04-02 21:33:13.897500
31d6847e-59ef-4bc5-8a26-a275586bb329,4,-62.225386,15.247715,30346.42,-29.52,20.15,80.44,74.34,Cloudy,2025-03-31,2025-06-03 12:02:55.897500
8c9ee759-6398-4473-a36f-0b660f01dba1,0,76.936424,-113.11735,35309.27,28.95,55.17,31.42,183.47,Clear,2025-04-15,2025-05-06 02:25:00.897500
8c9ee759-6398-4473-a36f-0b660f01dba1,1,4.376293,-169.132822,12019.39,-27.12,37.15,72.1,175.06,Snow,2025-05-04,2025-05-30 08:36:17.897500
8c9ee759-6398-4473-a36f-0b660f01dba1,2,85.965711,-14.446067,28367.38,-12.34,19.86,147.7,93.11,Clear,2025-05-15,2025-05-16 17:26:38.897500
8c9ee759-6398-4473-a36f-0b660f01dba1,3,-52.657358,68.987952,10480.36,-47.95,68.26,102.31,116.98,Sunny,2025-04-21,2025-04-09 09:40:39.897500
8c9ee759-6398-4473-a36f-0b660f01dba1,4,-19.066199,-22.840181,28262.98,14.21,25.71,30.39,217.37,Snow,2025-03-21,2025-04-26 23:16:03.897500
c3f04ae8-c639-4b85-90bd-f90f6d9fc24d,0,-5.615468,-127.780499,18195.75,-36.34,31.63,131.24,160.52,Sunny,2025-03-17,2025-04-02 00:40:32.897500
c3f04ae8-c639-4b85-90bd-f90f6d9fc24d,1,-55.378044,73.14187,10530.98,-11.49,99.24,70.55,340.69,Snow,2025-05-12,2025-05-10 03:07:01.897500
c3f04ae8-c639-4b85-90bd-f90f6d9fc24d,2,56.058234,73.335051,17355.8,-28.71,52.18,70.95,286.52,Rain,2025-05-11,2025-05-20 20:38:15.897500
c3f04ae8-c639-4b85-90bd-f90f6d9fc24d,3,-70.760495,62.186659,1951.24,-15.2,87.43,47.21,2.45,Clear,2025-03-25,2025-04-21 00:17:51.897500
c3f04ae8-c639-4b85-90bd-f90f6d9fc24d,4,-59.065207,69.758918,15989.84,-13.97,47.37,31.55,239.0,Clear,2025-05-24,2025-03-06 06:03:59.897500
4db152eb-2b09-48ce-a5c6-14e0d8f30f11,0,77.533317,10.764615,37261.94,-43.21,42.34,131.5,179.23,Overcast,2025-04-27,2025-03-19 17:19:41.897500
4db152eb-2b09-48ce-a5c6-14e0d8f30f11,1,-45.03928,11.019231,33216.13,16.01,77.97,139.54,199.29,Overcast,2025-04-04,2025-03-16 17:12:03.897500
4db152eb-2b09-48ce-a5c6-14e0d8f30f11,2,-53.94848,96.238124,28583.32,-46.4,62.06,126.69,83.72,Cloudy,2025-04-21,2025-05-01 18:04:48.897500
4db152eb-2b09-48ce-a5c6-14e0d8f30f11,3,-67.74469,96.302942,20638.71,2.08,78.82,41.17,335.18,Snow,2025-05-03,2025-04-07 10:36:25.897500
4db152eb-2b09-48ce-a5c6-14e0d8f30f11,4,-35.5252,37.35852,18405.3,-20.87,52.38,105.36,213.14,Snow,2025-03-31,2025-04-25 14:27:21.897500
f5e3ba32-429c-4574-9711-b347989304b0,0,25.893978,176.094401,12608.64,-11.22,51.98,6.11,171.15,Cloudy,2025-03-10,2025-03-12 19:30:03.897500
f5e3ba32-429c-4574-9711-b347989304b0,1,8.924907,19.73551,26062.83,-43.47,44.05,108.23,111.8,Overcast,2025-05-19,2025-03-23 02:02:08.897500
f5e3ba32-429c-4574-9711-b347989304b0,2,-5.333682,90.326696,22435.73,-37.78,87.48,138.56,244.74,Rain,2025-05-12,2025-03-09 19:05:32.897500
f5e3ba32-429c-4574-9711-b347989304b0,3,8.773127,-167.549102,25413.24,-4.8,24.85,117.67,175.44,Cloudy,2025-03-16,2025-05-15 04:03:42.897500
f5e3ba32-429c-4574-9711-b347989304b0,4,43.051702,-94.490132,23392.16,-23.43,16.33,146.32,337.9,Snow,2025-05-19,2025-05-17 11:38:47.897500
10543a64-a850-4f57-8aea-3d77ca9d10ea,0,-24.262835,-67.879243,16032.76,-26.18,71.55,18.33,347.02,Sunny,2025-04-18,2025-04-29 00:35:31.897500
10543a64-a850-4f57-8aea-3d77ca9d10ea,1,87.299825,57.235318,28389.88,32.59,80.27,1.04,239.59,Rain,2025-03-13,2025-03-12 04:30:13.897500
10543a64-a850-4f57-8aea-3d77ca9d10ea,2,-34.119307,-96.831233,21954.41,23.56,98.17,69.33,35.56,Overcast,2025-04-26,2025-06-01 11:08:41.897500
10543a64-a850-4f57-8aea-3d77ca9d10ea,3,52.195892,86.093343,4773.87,33.51,21.33,117.07,343.61,Rain,2025-04-11,2025-04-19 04:49:00.897500
10543a64-a850-4f57-8aea-3d77ca9d10ea,4,-16.518503,-174.88973,35457.15,1.04,79.59,116.91,307.55,Cloudy,2025-04-13,2025-03-31 15:29:33.897500
e2d04c25-8d96-4210-943a-61f2474087d7,0,-48.334851,-42.337676,7976.71,-12.79,60.33,83.18,283.72,Sunny,2025-04-27,2025-05-03 19:51:57.897500
e2d04c25-8d96-4210-943a-61f2474087d7,1,74.239611,-128.433486,24326.48,-4.85,55.61,118.56,66.67,Cloudy,2025-03-11,2025-03-14 21:42:33.897500
e2d04c25-8d96-4210-943a-61f2474087d7,2,-72.283938,98.700633,12679.85,-21.46,42.3,122.74,228.31,Cloudy,2025-04-01,2025-05-19 14:16:16.897500
e2d04c25-8d96-4210-943a-61f2474087d7,3,39.91788,31.16766,23897.4,-32.45,26.11,106.26,201.87,Snow,2025-04-27,2025-03-06 04:47:44.897500
e2d04c25-8d96-4210-943a-61f2474087d7,4,-3.255602,-81.638923,25675.48,-41.62,13.44,57.44,56.24,Snow,2025-04-05,2025-04-24 10:54:42.897500
d2ab8bf0-5e91-4f8c-abe2-ada8ce12a485,0,42.951345,81.257535,32927.1,-1.47,40.01,75.06,189.65,Cloudy,2025-05-14,2025-03-29 13:53:24.897500
d2ab8bf0-5e91-4f8c-abe2-ada8ce12a485,1,-29.136448,57.622693,16038.3,-3.3,40.71,66.85,131.38,Sunny,2025-05-01,2025-03-29 18:35:21.897500
d2ab8bf0-5e91-4f8c-abe2-ada8ce12a485,2,-24.400226,165.132887,20555.32,-44.56,30.98,141.1,334.35,Snow,2025-03-07,2025-05-13 10:40:21.897500
d2ab8bf0-5e91-4f8c-abe2-ada8ce12a485,3,-38.263603,143.104371,7371.28,-8.96,45.41,139.3,201.72,Snow,2025-03-27,2025-03-13 16:47:19.897500
d2ab8bf0-5e91-4f8c-abe2-ada8ce12a485,4,21.72094,88.579444,28877.32,0.24,92.69,140.01,302.67,Sunny,2025-04-17,2025-05-21 17:57:10.897500
c7f4e16f-9c37-478d-aebf-5d841a090310,0,-13.031087,157.530458,37263.99,7.0,26.37,27.31,100.58,Snow,2025-04-01,2025-04-08 00:22:54.897500
c7f4e16f-9c37-478d-aebf-5d841a090310,1,-58.864868,61.328214,28474.25,-47.49,15.06,50.82,161.74,Snow,2025-03-29,2025-04-12 17:25:57.897500
c7f4e16f-9c37-478d-aebf-5d841a090310,2,-47.745511,-170.922999,39413.12,-33.48,72.42,97.95,266.84,Cloudy,2025-03-05,2025-04-07 11:59:47.897500
c7f4e16f-9c37-478d-aebf-5d841a090310,3,-73.021311,61.869185,16395.37,-15.42,78.1,55.13,253.84,Sunny,2025-05-15,2025-04-21 02:18:51.897500
c7f4e16f-9c37-478d-aebf-5d841a090310,4,50.305091,88.304572,26489.88,20.23,90.6,124.6,316.76,Overcast,2025-04-20,2025-05-10 06:25:06.897500
2a5820c8-75f0-48d7-b849-743979b750a5,0,-25.484861,-146.508168,1986.57,-5.84,27.33,16.22,56.06,Sunny,2025-05-15,2025-04-17 14:38:52.897500
2a5820c8-75f0-48d7-b849-743979b750a5,1,-36.718138,41.958468,36717.14,-16.39,91.83,33.04,102.98,Overcast,2025-03-08,2025-05-27 07:14:32.897500
2a5820c8-75f0-48d7-b849-743979b750a5,2,61.495834,-40.916792,16288.49,19.81,47.82,9.5,16.05,Snow,2025-03-08,2025-05-06 11:40:02.897500
2a5820c8-75f0-48d7-b849-743979b750a5,3,62.816232,95.953809,24335.55,6.37,30.3,49.58,98.44,Sunny,2025-03-23,2025-04-09 17:28:52.897500
2a5820c8-75f0-48d7-b849-743979b750a5,4,-18.400742,-136.58372,28774.54,-10.14,38.86,137.98,231.64,Rain,2025-06-02,2025-04-28 06:44:38.897500
9184bb47-ce61-439c-9a39-84231355873e,0,-37.61235,-24.262567,18180.75,-32.05,57.29,80.63,291.68,Rain,2025-04-14,2025-04-13 14:34:03.897500
9184bb47-ce61-439c-9a39-84231355873e,1,74.450584,131.786951,10208.59,15.63,43.3,89.95,188.55,Clear,2025-05-24,2025-03-11 01:53:04.897500
9184bb47-ce61-439c-9a39-84231355873e,2,88.954097,-85.54948,30903.91,-25.83,87.73,79.46,291.49,Rain,2025-03-09,2025-03-14 17:41:12.897500
9184bb47-ce61-439c-9a39-84231355873e,3,43.265318,-110.458579,1563.88,18.96,97.42,43.39,90.68,Clear,2025-04-03,2025-05-21 16:42:41.897500
9184bb47-ce61-439c-9a39-84231355873e,4,5.761929,18.26868,17168.8,11.0,73.59,58.03,41.23,Snow,2025-05-24,2025-05-31 12:20:30.897500
58b34150-76df-4c95-b250-c5a2dfe2b246,0,-77.245372,158.784345,2475.39,-43.43,70.84,136.68,261.77,Rain,2025-03-28,2025-03-19 22:17:24.897500
58b34150-76df-4c95-b250-c5a2dfe2b246,1,80.8973,42.681202,36722.84,-46.15,81.82,109.09,193.83,Cloudy,2025-05-20,2025-03-24 08:58:48.897500
58b34150-76df-4c95-b250-c5a2dfe2b246,2,82.559797,136.114478,28351.36,-27.29,66.89,113.8,303.71,Clear,2025-03-24,2025-04-09 01:26:01.897500
58b34150-76df-4c95-b250-c5a2dfe2b246,3,52.003933,-110.252673,37765.64,-29.5,86.44,23.31,298.19,Overcast,2025-04-20,2025-05-28 21:56:07.897500
58b34150-76df-4c95-b250-c5a2dfe2b246,4,71.330149,35.06586,5531.68,-1.3,30.62,2.55,244.0,Overcast,2025-05-18,2025-04-12 14:13:19.897500
39102ed6-7694-4a39-be7f-5ea71b71667c,0,-25.875458,147.169136,32764.58,-29.0,53.12,65.72,240.23,Clear,2025-04-20,2025-04-02 21:39:19.897500
39102ed6-7694-4a39-be7f-5ea71b71667c,1,4.034766,-27.382183,3142.81,12.19,62.29,76.54,2.6,Rain,2025-04-28,2025-04-15 12:00:54.897500
39102ed6-7694-4a39-be7f-5ea71b71667c,2,43.227175,114.733213,35873.62,-39.48,89.63,43.82,342.21,Snow,2025-03-22,2025-04-22 02:07:47.897500
39102ed6-7694-4a39-be7f-5ea71b71667c,3,-67.154298,-78.126953,26772.5,11.82,75.23,133.77,186.34,Clear,2025-05-06,2025-03-17 10:08:44.897500
39102ed6-7694-4a39-be7f-5ea71b71667c,4,-79.6156,135.198109,19014.85,10.62,15.92,62.1,200.8,Snow,2025-04-06,2025-03-09 01:13:06.897500
4335f145-6ca0-4a37-8ed1-7dcb7025bb6b,0,-27.179286,-20.822161,12239.63,-6.73,73.55,71.08,5.76,Cloudy,2025-04-11,2025-05-10 13:37:55.897500
4335f145-6ca0-4a37-8ed1-7dcb7025bb6b,1,-58.835081,86.055355,29352.95,3.21,22.5,18.65,56.93,Overcast,2025-04-29,2025-05-17 02:24:43.897500
4335f145-6ca0-4a37-8ed1-7dcb7025bb6b,2,35.778336,-13.545951,30619.75,22.1,89.14,69.24,153.66,Overcast,2025-03-08,2025-03-30 06:53:39.897500
4335f145-6ca0-4a37-8ed1-7dcb7025bb6b,3,63.251122,44.779026,462.03,-25.51,18.16,125.62,13.46,Clear,2025-04-25,2025-03-28 17:39:02.897500
4335f145-6ca0-4a37-8ed1-7dcb7025bb6b,4,-7.675453,79.991197,10752.41,-4.77,13.9,45.92,327.08,Cloudy,2025-04-02,2025-05-22 00:18:30.897500
47442198-388a-4efa-aaec-bd348ed765b5,0,-41.842848,-48.323336,37519.84,-10.76,45.84,2.3,222.34,Cloudy,2025-04-07,2025-05-10 19:17:59.897500
47442198-388a-4efa-aaec-bd348ed765b5,1,43.519445,-109.904613,5294.36,-0.36,77.21,55.29,48.71,Clear,2025-05-15,2025-03-08 11:40:36.897500
47442198-388a-4efa-aaec-bd348ed765b5,2,68.215774,94.252621,9325.37,-17.52,36.34,24.0,207.57,Cloudy,2025-04-11,2025-03-19 21:20:07.897500
47442198-388a-4efa-aaec-bd348ed765b5,3,-32.348098,-164.280246,19928.18,8.61,48.92,54.71,234.34,Clear,2025-03-11,2025-03-28 07:49:28.897500
47442198-388a-4efa-aaec-bd348ed765b5,4,-12.324751,-85.330025,11175.38,36.63,86.51,115.29,128.87,Overcast,2025-03-25,2025-04-04 13:04:14.897500
e8737e7f-a876-4652-b0f4-ce2947e84902,0,-76.511965,-128.314046,18338.34,-33.24,48.51,46.68,314.61,Clear,2025-03-24,2025-05-21 06:21:50.897500
e8737e7f-a876-4652-b0f4-ce2947e84902,1,9.64648,148.515321,30750.83,14.19,46.73,36.44,352.06,Cloudy,2025-04-28,2025-03-08 11:59:54.897500
e8737e7f-a876-4652-b0f4-ce2947e84902,2,-35.214521,122.152718,23057.9,-2.14,58.55,134.83,345.96,Overcast,2025-04-16,2025-04-24 21:52:30.897500
e8737e7f-a876-4652-b0f4-ce2947e84902,3,68.970741,-3.810511,21365.14,5.42,63.43,137.63,150.81,Rain,2025-03-24,2025-03-13 02:18:15.897500
e8737e7f-a876-4652-b0f4-ce2947e84902,4,2.893181,28.56344,2045.39,30.12,93.95,127.49,276.94,Rain,2025-03-29,2025-03-26 06:14:11.897500
ecea0d99-4e79-4b74-af36-6d755fab6d52,0,-8.479621,-121.996503,27730.49,-15.08,34.51,2.17,261.03,Clear,2025-04-01,2025-03-28 16:01:24.897500
ecea0d99-4e79-4b74-af36-6d755fab6d52,1,-8.238336,179.079014,3811.84,36.81,39.09,77.01,240.18,Cloudy,2025-03-11,2025-06-01 06:53:07.897500
ecea0d99-4e79-4b74-af36-6d755fab6d52,2,78.807909,-58.74795,30687.34,7.88,60.82,119.71,60.02,Overcast,2025-03-10,2025-04-23 13:13:00.897500
ecea0d99-4e79-4b74-af36-6d755fab6d52,3,12.047778,76.905535,34964.17,34.97,76.44,130.32,213.59,Rain,2025-03-19,2025-04-17 05:07:51.897500
ecea0d99-4e79-4b74-af36-6d755fab6d52,4,-79.651609,88.3942,34196.82,-34.06,87.18,80.77,134.4,Rain,2025-04-03,2025-05-17 19:56:28.897500
598399b2-9f39-4d5c-80ed-9f931c06adeb,0,-29.876035,-179.432474,32917.64,5.36,27.7,108.69,258.11,Snow,2025-04-10,2025-03-11 22:38:29.897500
598399b2-9f39-4d5c-80ed-9f931c06adeb,1,-51.330458,-131.421953,2299.32,-42.05,68.54,62.88,135.63,Overcast,2025-03-08,2025-04-08 18:05:05.897500
598399b2-9f39-4d5c-80ed-9f931c06adeb,2,36.555495,54.607517,27984.93,31.52,68.22,43.39,284.09,Snow,2025-05-08,2025-06-02 04:44:03.897500
598399b2-9f39-4d5c-80ed-9f931c06adeb,3,31.032087,-106.655491,4133.63,27.05,40.37,85.92,331.21,Sunny,2025-03-15,2025-03-10 04:02:40.897500
598399b2-9f39-4d5c-80ed-9f931c06adeb,4,44.425564,48.851726,31070.64,5.49,59.2,67.67,204.82,Snow,2025-04-10,2025-04-22 01:31:47.897500
d1c06a68-23b8-4075-a883-e3dcf079473b,0,5.528914,-178.983618,24741.84,9.66,58.71,0.6,305.76,Overcast,2025-04-10,2025-04-26 05:48:44.897500
d1c06a68-23b8-4075-a883-e3dcf079473b,1,9.043911,-62.832876,37799.8,-6.75,60.46,56.83,243.1,Rain,2025-03-07,2025-05-22 23:05:31.897500
d1c06a68-23b8-4075-a883-e3dcf079473b,2,-13.021309,-87.653281,19646.36,6.35,20.15,59.76,64.1,Clear,2025-05-23,2025-03-10 08:38:41.897500
d1c06a68-23b8-4075-a883-e3dcf079473b,3,-79.480168,5.387972,508.0,12.78,76.39,32.77,358.59,Rain,2025-03-25,2025-04-19 12:32:05.897500
d1c06a68-23b8-4075-a883-e3dcf079473b,4,-3.738733,-162.105835,25546.56,-38.05,23.28,24.33,232.29,Snow,2025-05-23,2025-03-16 02:37:19.897500
073dc301-299d-41bd-98aa-b0406d9661f9,0,33.06867,-38.293265,28630.93,3.43,75.98,103.09,92.22,Clear,2025-03-17,2025-04-11 06:47:28.897500
073dc301-299d-41bd-98aa-b0406d9661f9,1,-36.496955,-144.52864,37774.9,5.71,98.24,104.32,34.02,Rain,2025-05-28,2025-03-27 17:00:29.897500
073dc301-299d-41bd-98aa-b0406d9661f9,2,-24.371753,-4.013855,8292.58,29.11,21.52,68.45,4.66,Overcast,2025-03-11,2025-05-15 07:37:42.897500
073dc301-299d-41bd-98aa-b0406d9661f9,3,38.995379,39.171852,29338.31,-17.01,33.59,12.22,34.82,Snow,2025-05-26,2025-03-26 16:33:27.897500
073dc301-299d-41bd-98aa-b0406d9661f9,4,68.84257,-121.659691,5404.69,3.73,36.41,4.22,57.69,Clear,2025-05-14,2025-04-15 22:31:41.897500
1da492bd-30c8-44b8-a1bc-084de5818bb2,0,26.647083,-125.759724,39868.16,-34.59,91.9,105.06,230.29,Rain,2025-05-09,2025-04-08 16:25:52.897500
1da492bd-30c8-44b8-a1bc-084de5818bb2,1,2.433456,18.746864,3780.08,-38.85,44.66,105.27,38.04,Cloudy,2025-04-06,2025-05-15 17:07:27.897500
1da492bd-30c8-44b8-a1bc-084de5818bb2,2,-64.187669,-10.899435,14259.84,-15.43,99.92,70.28,129.67,Clear,2025-05-04,2025-04-23 06:57:39.897500
1da492bd-30c8-44b8-a1bc-084de5818bb2,3,-59.319365,-130.670478,36520.5,17.02,44.92,73.93,78.13,Sunny,2025-05-12,2025-03-29 00:28:48.897500
1da492bd-30c8-44b8-a1bc-084de5818bb2,4,-42.806162,55.745945,31063.31,0.16,63.61,7.7,53.69,Overcast,2025-04-25,2025-05-31 14:02:24.897500
035937f2-0078-49ba-9736-bf1d339a6159,0,-24.725115,128.845059,31020.71,21.81,79.13,55.06,315.98,Snow,2025-04-23,2025-05-04 00:01:23.897500
035937f2-0078-49ba-9736-bf1d339a6159,1,-68.24932,-80.966914,22361.47,9.0,70.61,128.16,61.33,Rain,2025-05-13,2025-04-16 21:33:57.897500
035937f2-0078-49ba-9736-bf1d339a6159,2,37.800957,-88.520375,27807.47,-43.43,93.95,112.0,327.43,Sunny,2025-05-25,2025-03-23 23:00:09.897500
035937f2-0078-49ba-9736-bf1d339a6159,3,-64.395369,-63.011115,3740.88,-10.2,13.94,25.96,166.02,Rain,2025-04-02,2025-05-12 03:02:04.897500
035937f2-0078-49ba-9736-bf1d339a6159,4,-1.804303,69.222893,9025.61,-37.93,53.19,56.22,316.65,Clear,2025-03-26,2025-04-14 17:32:39.897500
5f1a2748-2298-4827-9fba-0a7389ab1ac9,0,-72.373723,-140.720433,1301.2,31.71,18.25,56.45,169.86,Clear,2025-05-29,2025-04-19 01:57:58.897500
5f1a2748-2298-4827-9fba-0a7389ab1ac9,1,25.580357,164.122928,28345.19,-25.8,14.85,82.51,279.65,Rain,2025-04-04,2025-04-05 07:33:04.897500
5f1a2748-2298-4827-9fba-0a7389ab1ac9,2,-9.818062,-55.72272,39497.98,3.2,22.55,140.59,236.63,Snow,2025-04-25,2025-05-16 13:53:02.897500
5f1a2748-2298-4827-9fba-0a7389ab1ac9,3,20.832829,-145.107919,14580.25,-27.35,32.19,63.66,164.6,Clear,2025-04-07,2025-05-04 02:24:53.897500
5f1a2748-2298-4827-9fba-0a7389ab1ac9,4,35.916551,-37.357457,15087.33,-37.7,55.8,117.43,70.06,Sunny,2025-03-31,2025-05-30 08:25:57.897500
e8b8b572-8bfb-4a60-87ce-c8136a81f2e3,0,1.516122,-41.260312,29131.93,37.69,98.54,97.45,263.22,Cloudy,2025-05-12,2025-05-04 06:43:44.897500
e8b8b572-8bfb-4a60-87ce-c8136a81f2e3,1,-36.22941,87.804005,33162.81,5.43,65.23,71.15,83.56,Overcast,2025-03-11,2025-05-21 17:44:22.897500
e8b8b572-8bfb-4a60-87ce-c8136a81f2e3,2,12.754395,-108.282239,28045.28,-37.95,23.0,107.34,55.87,Overcast,2025-03-24,2025-04-08 04:17:43.897500
e8b8b572-8bfb-4a60-87ce-c8136a81f2e3,3,37.210764,123.869383,13972.97,-31.21,81.95,115.89,200.05,Cloudy,2025-03-08,2025-03-30 00:01:38.897500
e8b8b572-8bfb-4a60-87ce-c8136a81f2e3,4,-39.946117,122.089849,6195.06,28.66,24.91,105.21,277.46,Overcast,2025-05-03,2025-05-10 11:55:52.897500
51706019-26cf-4afc-b3bb-582d040e0739,0,-79.672511,-63.516609,10794.78,-45.28,92.92,82.59,200.67,Overcast,2025-04-03,2025-04-29 16:14:45.897500
51706019-26cf-4afc-b3bb-582d040e0739,1,-60.543767,-151.403333,2533.16,-48.8,27.91,38.16,50.96,Cloudy,2025-03-06,2025-05-19 09:36:04.897500
51706019-26cf-4afc-b3bb-582d040e0739,2,-10.793,-93.133714,19087.53,-33.2,25.62,46.53,53.31,Snow,2025-04-18,2025-06-03 04:58:28.897500
51706019-26cf-4afc-b3bb-582d040e0739,3,83.511927,164.484572,20572.34,-10.47,14.81,8.61,161.15,Sunny,2025-05-19,2025-03-11 15:47:47.897500
51706019-26cf-4afc-b3bb-582d040e0739,4,-37.218625,-140.183648,25403.8,-41.16,69.05,73.11,147.97,Rain,2025-05-03,2025-03-06 09:02:18.897500
742b1849-c529-40d7-9052-eab904dc908b,0,-61.900099,-69.91996,31644.64,-42.49,42.24,41.96,313.98,Overcast,2025-04-18,2025-05-11 10:04:27.897500
742b1849-c529-40d7-9052-eab904dc908b,1,4.755895,103.837271,18157.13,37.68,43.67,31.35,341.56,Snow,2025-06-01,2025-04-03 23:46:05.897500
742b1849-c529-40d7-9052-eab904dc908b,2,69.788629,24.04941,13234.1,-35.55,17.8,111.57,32.35,Rain,2025-03-07,2025-04-30 15:03:23.897500
742b1849-c529-40d7-9052-eab904dc908b,3,67.673951,122.381727,35774.26,-13.21,62.24,91.95,214.9,Snow,2025-05-31,2025-04-12 04:16:44.897500
742b1849-c529-40d7-9052-eab904dc908b,4,28.983769,-148.42249,22638.2,9.38,68.13,11.91,76.47,Sunny,2025-03-28,2025-05-11 17:30:50.897500
44d6db85-c3bc-4d22-a4aa-d26d3a3977a2,0,9.298978,145.851152,34127.22,38.6,73.71,46.68,190.13,Rain,2025-04-07,2025-05-17 01:50:13.897500
44d6db85-c3bc-4d22-a4aa-d26d3a3977a2,1,7.996104,99.161751,33965.1,7.95,26.96,11.22,10.98,Rain,2025-05-17,2025-04-15 18:36:53.897500
44d6db85-c3bc-4d22-a4aa-d26d3a3977a2,2,-53.80364,126.117014,27246.16,12.58,37.51,89.27,124.35,Cloudy,2025-03-25,2025-03-13 00:48:07.897500
44d6db85-c3bc-4d22-a4aa-d26d3a3977a2,3,38.489638,44.646046,7.4,39.14,50.7,66.16,187.02,Overcast,2025-03-27,2025-05-30 09:08:41.897500
44d6db85-c3bc-4d22-a4aa-d26d3a3977a2,4,22.901373,-8.132928,1355.62,30.76,15.68,4.42,330.94,Snow,2025-05-03,2025-05-30 22:25:56.897500
0ee51655-4a7a-492c-b30d-958858d62ce7,0,18.79991,3.98857,12291.07,16.62,52.59,84.27,207.51,Clear,2025-04-19,2025-03-24 16:53:45.897500
0ee51655-4a7a-492c-b30d-958858d62ce7,1,-64.20275,47.439925,12506.42,33.18,87.13,45.39,282.54,Sunny,2025-05-12,2025-03-09 19:10:19.897500
0ee51655-4a7a-492c-b30d-958858d62ce7,2,-62.407854,-68.226309,9895.19,23.22,53.2,118.58,275.35,Sunny,2025-05-07,2025-03-18 23:54:38.897500
0ee51655-4a7a-492c-b30d-958858d62ce7,3,-23.129257,-45.405787,1878.58,-11.32,29.42,124.46,181.62,Overcast,2025-05-26,2025-03-28 21:20:32.897500
0ee51655-4a7a-492c-b30d-958858d62ce7,4,-54.911456,119.831506,36842.44,-21.64,66.06,101.63,348.01,Rain,2025-05-29,2025-04-21 16:56:10.897500
ead136ef-7c80-4466-96aa-e6c73285739d,0,22.142023,143.075384,9090.28,-42.46,63.12,35.52,299.94,Sunny,2025-03-11,2025-05-05 15:05:44.897500
ead136ef-7c80-4466-96aa-e6c73285739d,1,-87.65527,66.240805,19764.02,-23.8,65.95,73.78,305.72,Cloudy,2025-04-29,2025-03-31 20:05:15.897500
ead136ef-7c80-4466-96aa-e6c73285739d,2,-14.405915,-63.909635,29543.33,-29.91,50.92,34.47,50.31,Snow,2025-05-25,2025-05-28 00:45:57.897500
ead136ef-7c80-4466-96aa-e6c73285739d,3,25.239411,60.612708,13210.29,38.35,32.66,104.82,262.57,Cloudy,2025-03-12,2025-05-02 08:18:56.897500
ead136ef-7c80-4466-96aa-e6c73285739d,4,70.14941,-51.982251,29020.28,18.93,46.74,145.75,309.46,Rain,2025-03-17,2025-05-04 22:39:22.897500
94f277cb-5120-403c-afdd-610a14da31c6,0,77.068302,53.480616,1233.96,-43.66,56.02,98.22,192.86,Rain,2025-03-19,2025-05-30 01:13:03.897500
94f277cb-5120-403c-afdd-610a14da31c6,1,-2.726678,-37.984031,4856.79,12.7,22.2,134.93,229.22,Cloudy,2025-04-28,2025-05-03 13:09:54.897500
94f277cb-5120-403c-afdd-610a14da31c6,2,-20.045474,-72.012551,19258.02,-25.51,90.6,77.55,282.54,Cloudy,2025-06-03,2025-03-17 12:02:04.897500
94f277cb-5120-403c-afdd-610a14da31c6,3,-31.691184,-95.308881,16149.64,21.09,85.13,110.65,197.41,Overcast,2025-05-30,2025-03-13 22:56:36.897500
94f277cb-5120-403c-afdd-610a14da31c6,4,41.85816,-125.035467,3095.6,15.01,61.13,7.8,340.69,Snow,2025-05-08,2025-05-26 16:15:47.897500
c544338b-4504-4a53-8c5b-5d58ae6f287b,0,89.329438,5.864492,9396.05,-31.22,16.14,125.22,189.19,Cloudy,2025-04-29,2025-03-13 08:34:07.897500
c544338b-4504-4a53-8c5b-5d58ae6f287b,1,42.358885,-39.694318,2499.45,12.45,14.63,24.21,24.74,Sunny,2025-05-11,2025-04-28 22:19:52.897500
c544338b-4504-4a53-8c5b-5d58ae6f287b,2,51.412713,-93.549239,34827.33,-10.27,50.79,52.97,62.42,Snow,2025-04-04,2025-03-26 17:59:35.897500
c544338b-4504-4a53-8c5b-5d58ae6f287b,3,-10.896939,-34.9611,33335.38,3.39,45.77,138.4,226.82,Rain,2025-04-28,2025-03-16 01:20:08.897500
c544338b-4504-4a53-8c5b-5d58ae6f287b,4,65.311622,-113.712002,35752.0,-24.75,76.41,72.62,359.31,Cloudy,2025-04-05,2025-04-14 12:10:25.897500
a5f7098e-696a-4be3-8911-398dadd5600e,0,52.113991,177.542684,7387.06,39.9,52.47,130.06,57.28,Clear,2025-04-21,2025-05-16 06:02:53.897500
a5f7098e-696a-4be3-8911-398dadd5600e,1,-13.629478,160.374024,31779.15,23.51,99.39,118.96,128.63,Sunny,2025-05-26,2025-04-09 17:54:50.897500
a5f7098e-696a-4be3-8911-398dadd5600e,2,-79.517597,80.655297,31020.53,-1.88,74.2,95.96,122.04,Clear,2025-05-18,2025-03-21 02:25:55.897500
a5f7098e-696a-4be3-8911-398dadd5600e,3,-29.713985,23.937233,19131.23,-42.13,47.28,90.34,257.86,Snow,2025-03-18,2025-05-22 16:55:26.897500
a5f7098e-696a-4be3-8911-398dadd5600e,4,48.79926,5.730766,11947.65,-5.16,48.72,71.95,88.5,Rain,2025-04-12,2025-05-17 06:19:31.897500
75a51cdd-f1d2-4b00-b448-d0d03cda3b03,0,-75.080386,-52.728673,21633.45,-16.25,38.43,82.78,303.36,Sunny,2025-03-15,2025-05-07 02:22:05.897500
75a51cdd-f1d2-4b00-b448-d0d03cda3b03,1,-12.717165,-122.535137,25431.45,21.53,77.44,87.13,46.09,Cloudy,2025-05-10,2025-03-22 08:32:33.897500
75a51cdd-f1d2-4b00-b448-d0d03cda3b03,2,54.375182,156.621292,14364.37,38.25,37.01,148.98,27.09,Rain,2025-03-15,2025-04-26 19:59:15.897500
75a51cdd-f1d2-4b00-b448-d0d03cda3b03,3,85.521537,136.937444,35752.87,-22.96,12.28,93.78,153.27,Sunny,2025-05-01,2025-03-30 20:16:36.897500
75a51cdd-f1d2-4b00-b448-d0d03cda3b03,4,-16.145521,-139.767482,11702.15,4.84,27.75,3.94,49.59,Clear,2025-03-15,2025-06-03 22:13:27.897500
ecddf5df-5fbb-45fb-9f4a-17363125a64c,0,-52.854287,10.686098,18179.24,29.37,91.42,50.02,130.26,Clear,2025-05-20,2025-03-24 14:13:47.897500
ecddf5df-5fbb-45fb-9f4a-17363125a64c,1,-54.895827,-27.421882,10053.79,31.22,65.89,103.42,94.43,Snow,2025-03-12,2025-03-06 03:24:32.897500
ecddf5df-5fbb-45fb-9f4a-17363125a64c,2,56.014118,-165.65526,18192.36,-6.77,35.32,72.63,337.79,Snow,2025-05-01,2025-04-25 00:31:12.897500
ecddf5df-5fbb-45fb-9f4a-17363125a64c,3,57.19645,-38.100943,13040.2,-5.15,27.6,141.57,111.33,Snow,2025-04-13,2025-04-15 08:18:53.897500
ecddf5df-5fbb-45fb-9f4a-17363125a64c,4,-38.082544,12.244872,34347.93,-41.19,43.17,88.29,243.9,Snow,2025-05-08,2025-04-01 05:36:02.897500
b1717747-1818-488c-aa8a-0adf88900bc8,0,67.757418,135.217788,11121.91,-37.75,50.75,9.21,353.79,Rain,2025-03-15,2025-04-09 11:09:33.897500
b1717747-1818-488c-aa8a-0adf88900bc8,1,-12.326371,-67.024531,39177.73,-33.28,93.41,14.73,334.19,Sunny,2025-05-03,2025-04-13 03:03:11.897500
b1717747-1818-488c-aa8a-0adf88900bc8,2,-62.691742,-121.725171,34876.15,-25.73,32.25,12.47,231.08,Overcast,2025-03-31,2025-05-29 21:08:07.897500
b1717747-1818-488c-aa8a-0adf88900bc8,3,-78.107586,59.847235,3287.97,-19.45,32.16,76.24,174.87,Rain,2025-05-02,2025-03-19 09:16:37.897500
b1717747-1818-488c-aa8a-0adf88900bc8,4,16.424587,-97.165337,26313.95,-23.17,18.34,62.83,83.9,Clear,2025-03-26,2025-03-25 00:26:27.897500
21611360-71d1-41b1-86f0-87803c158e11,0,8.339162,126.458785,4874.11,-49.07,57.01,19.23,290.8,Overcast,2025-05-04,2025-05-19 08:29:18.897500
21611360-71d1-41b1-86f0-87803c158e11,1,-32.99683,-14.649377,23412.53,16.31,12.7,61.63,196.87,Overcast,2025-05-28,2025-03-09 23:09:43.897500
21611360-71d1-41b1-86f0-87803c158e11,2,-63.414206,157.932272,37307.68,18.94,26.44,85.18,337.36,Sunny,2025-03-30,2025-06-01 16:15:05.897500
21611360-71d1-41b1-86f0-87803c158e11,3,-14.543152,101.955308,12721.19,-49.4,20.87,108.14,278.19,Sunny,2025-05-15,2025-05-12 18:46:43.897500
21611360-71d1-41b1-86f0-87803c158e11,4,15.294304,150.654377,9494.1,39.49,68.66,111.14,314.97,Overcast,2025-05-29,2025-05-22 19:11:16.897500
4ddcee27-fcd9-48f4-9017-5839f5a7128c,0,85.498727,-174.724633,33773.31,-25.45,61.57,143.93,214.53,Clear,2025-04-27,2025-03-11 16:04:46.897500
4ddcee27-fcd9-48f4-9017-5839f5a7128c,1,54.104338,-78.741772,38548.15,-24.62,37.79,114.51,288.82,Overcast,2025-03-13,2025-03-10 16:02:12.897500
4ddcee27-fcd9-48f4-9017-5839f5a7128c,2,-49.244385,-128.456027,1328.04,22.3,13.59,22.4,165.06,Sunny,2025-05-31,2025-05-05 16:42:46.897500
4ddcee27-fcd9-48f4-9017-5839f5a7128c,3,-37.717256,-140.278648,29850.99,30.33,28.02,63.03,78.11,Rain,2025-04-30,2025-03-19 10:15:00.897500
4ddcee27-fcd9-48f4-9017-5839f5a7128c,4,0.094574,60.590312,14032.7,-24.54,29.38,96.91,282.78,Snow,2025-04-26,2025-03-29 18:25:14.897500
0c2ac458-3a3a-40fe-844f-966c24e1f742,0,5.981178,83.991807,13235.61,6.32,32.02,117.29,41.94,Snow,2025-04-28,2025-03-12 08:14:08.897500
0c2ac458-3a3a-40fe-844f-966c24e1f742,1,47.246383,-28.926998,7276.17,-15.69,41.05,97.12,145.74,Rain,2025-03-16,2025-04-18 18:45:50.897500
0c2ac458-3a3a-40fe-844f-966c24e1f742,2,-57.369958,86.34825,3101.41,-45.12,91.44,121.95,290.37,Rain,2025-04-09,2025-04-06 22:14:00.897500
0c2ac458-3a3a-40fe-844f-966c24e1f742,3,-3.253873,88.384607,12259.2,-33.41,26.63,22.94,154.84,Snow,2025-05-04,2025-03-25 14:19:37.897500
0c2ac458-3a3a-40fe-844f-966c24e1f742,4,2.805536,82.569385,3439.4,-34.66,66.47,98.02,228.27,Snow,2025-05-03,2025-04-12 13:05:46.897500
73c93a2a-cea6-4edf-8628-daf14e93843f,0,-4.483786,163.96768,21188.59,6.53,24.52,51.75,89.07,Cloudy,2025-04-06,2025-05-20 12:05:23.897500
73c93a2a-cea6-4edf-8628-daf14e93843f,1,-73.632638,153.295657,20764.01,-32.1,23.82,142.33,159.39,Clear,2025-03-07,2025-03-24 08:38:37.897500
73c93a2a-cea6-4edf-8628-daf14e93843f,2,-75.589514,97.731428,30808.48,24.15,89.26,28.36,273.69,Clear,2025-03-10,2025-05-22 01:26:54.897500
73c93a2a-cea6-4edf-8628-daf14e93843f,3,34.993905,26.977523,5401.97,7.32,37.31,80.95,28.15,Rain,2025-03-16,2025-05-09 13:13:12.897500
73c93a2a-cea6-4edf-8628-daf14e93843f,4,50.884444,6.483792,968.53,-16.78,90.21,49.34,294.94,Overcast,2025-05-27,2025-04-10 04:09:49.897500
618335e1-3e2f-49b8-88c8-239722131f8c,0,4.584233,-100.977211,4151.78,-29.72,59.96,138.34,285.06,Clear,2025-05-21,2025-04-08 03:41:52.897500
618335e1-3e2f-49b8-88c8-239722131f8c,1,-20.486721,-170.363521,17724.61,37.27,95.44,69.63,157.48,Rain,2025-05-15,2025-05-28 01:39:38.897500
618335e1-3e2f-49b8-88c8-239722131f8c,2,45.505564,25.937589,10952.18,-25.51,75.16,104.86,63.81,Clear,2025-03-19,2025-05-11 22:26:14.897500
618335e1-3e2f-49b8-88c8-239722131f8c,3,1.402111,161.694214,35608.27,-44.41,37.73,135.11,25.49,Cloudy,2025-03-28,2025-03-20 17:01:16.897500
618335e1-3e2f-49b8-88c8-239722131f8c,4,-34.337989,177.386329,18201.65,-7.37,56.35,97.39,101.9,Clear,2025-04-29,2025-04-15 21:27:03.897500
e5cd5654-d3ab-4a08-b9f6-f1bbcdeed6b8,0,65.857312,163.695037,30251.22,19.92,92.32,109.12,44.71,Snow,2025-05-15,2025-04-12 05:47:58.897500
e5cd5654-d3ab-4a08-b9f6-f1bbcdeed6b8,1,26.483401,-53.422707,14755.23,3.06,21.18,66.13,128.68,Overcast,2025-03-20,2025-03-15 18:39:54.897500
e5cd5654-d3ab-4a08-b9f6-f1bbcdeed6b8,2,-41.295418,-153.329997,7954.95,38.63,64.15,143.12,159.4,Clear,2025-05-07,2025-04-18 08:18:21.897500
e5cd5654-d3ab-4a08-b9f6-f1bbcdeed6b8,3,-33.826599,-48.955886,31814.91,12.05,29.8,58.79,120.78,Rain,2025-05-10,2025-04-28 16:16:08.897500
e5cd5654-d3ab-4a08-b9f6-f1bbcdeed6b8,4,87.153365,-150.089229,11837.04,20.43,85.74,137.53,105.75,Snow,2025-03-28,2025-03-30 09:56:48.897500
8f382953-9880-4857-a9d5-f291b42eaffc,0,85.084966,-18.750053,6434.08,-31.45,86.44,143.19,315.03,Rain,2025-03-19,2025-03-28 17:31:16.897500
8f382953-9880-4857-a9d5-f291b42eaffc,1,-77.744947,73.277522,29631.6,-9.77,20.72,78.01,52.06,Rain,2025-03-16,2025-05-13 04:34:02.897500
8f382953-9880-4857-a9d5-f291b42eaffc,2,13.726333,-124.763099,2049.26,-25.17,82.15,128.98,346.07,Sunny,2025-05-31,2025-05-07 18:15:19.897500
8f382953-9880-4857-a9d5-f291b42eaffc,3,66.689516,115.363784,16799.4,17.8,59.92,146.86,250.64,Rain,2025-04-12,2025-05-19 07:04:43.897500
8f382953-9880-4857-a9d5-f291b42eaffc,4,-18.035264,102.494335,22769.34,36.69,47.4,81.45,223.49,Sunny,2025-05-13,2025-05-06 20:00:36.897500
19ab1792-ff8b-456f-93a3-75180f224af1,0,-68.043917,-101.139897,31239.27,-39.05,25.1,110.05,3.74,Rain,2025-05-07,2025-04-08 17:48:01.897500
19ab1792-ff8b-456f-93a3-75180f224af1,1,-47.559102,132.365626,38011.99,22.66,98.76,83.06,347.98,Cloudy,2025-03-25,2025-03-22 06:09:17.897500
19ab1792-ff8b-456f-93a3-75180f224af1,2,-12.63336,-156.233854,878.74,-42.79,65.18,12.19,314.87,Snow,2025-04-06,2025-04-21 02:56:07.897500
19ab1792-ff8b-456f-93a3-75180f224af1,3,79.028804,70.832761,38891.52,23.53,40.88,102.52,189.64,Snow,2025-04-27,2025-03-24 10:53:25.897500
19ab1792-ff8b-456f-93a3-75180f224af1,4,83.722978,129.245019,20736.27,39.79,56.85,95.12,157.92,Rain,2025-05-08,2025-03-06 07:11:42.897500
ea7e6457-0889-4187-919f-d7274bddfa5d,0,78.763792,16.63553,3875.77,-38.05,14.33,87.19,335.85,Rain,2025-03-24,2025-03-19 18:12:53.897500
ea7e6457-0889-4187-919f-d7274bddfa5d,1,-4.816409,130.763475,7167.08,4.87,65.66,89.82,197.45,Snow,2025-04-13,2025-04-21 20:35:06.897500
ea7e6457-0889-4187-919f-d7274bddfa5d,2,86.454479,126.691882,15809.5,4.24,97.5,71.41,356.47,Sunny,2025-06-03,2025-05-21 22:19:57.897500
ea7e6457-0889-4187-919f-d7274bddfa5d,3,-67.827642,111.523506,30301.21,31.03,17.59,122.56,321.33,Clear,2025-04-16,2025-03-20 17:46:52.897500
ea7e6457-0889-4187-919f-d7274bddfa5d,4,40.097144,-17.08912,27660.92,3.94,62.9,2.7,279.56,Cloudy,2025-05-14,2025-05-17 01:15:59.897500
